title,ncode,userid,writer,story,length,
蒼き草原の国のカルラス　再掲載版,N6638GW,2093732,しろたに,　北の大国・リュスザン帝国の辺境で、七歳のカルラスは農家の娘として平和に暮らしていた。しかし穏やかな暮らしは突然破られる。myTextEscapeEnter　実は彼女は亡き先王の娘であり、暗殺を避けるため一時的に養家に預けられていた、リュスザン帝国の正統な王位継承者であった……。myTextEscapeEntermyTextEscapeEnter　民族紛争や宗教対立など、問題山積みの帝国を突然舵取りしなければならなくなったカルラス。幼い国王の教育を受け持つのは、太陽の娘デルフィに仕える美貌の修道士、シャリアだ。その怜悧さを買われて若干二十代にして帝国宰相を務めるシャリアは、公私ともにカルラスを支え、励ます存在となる。myTextEscapeEnter　野心に溢れる隣国の王フェザール、迫害されるサッタ人の美少女・バジャル、寡黙な武術師範・トーラ軍師長など、様々な人々に巡り会い、カルラスは成長していく。myTextEscapeEntermyTextEscapeEnter　長ずるにつれカルラスは次第にシャリアを愛するようになるが、シャリアは禁欲・貞潔を旨とする修道士であるため、女性との恋愛は許されない。myTextEscapeEnter　カルラスが恋心に悩む一方で、法王庁の高位聖職者たちはシャリアを利用してカルラスを玉座から追い落とそうと謀っていた。myTextEscapeEnter　myTextEscapeEnter　はたしてカルラスの恋は実るのか。そして帝国の行方は───？myTextEscapeEnter　myTextEscapeEnter　草洋の大帝国を統べる過酷な運命を担った、一人の少女の愛と闘いの軌跡を描く。myTextEscapeEnter,1166745,
アルファ・クロニクル　～ヤンキーじゃないあたしがＶＲゲームのテストプレイに金属バットをブッコむ話～,N6444GW,1261606,みやびつかさ,　あたしは最近ハタチになったばっかの女子大生、和泉ユウヒ（いずみゆうひ）。myTextEscapeEnter　息苦しい地元を飛び出して都会に出たのはいいものの、詐欺に遭って貯金を失い、スマホも止められ、気が付けばネカフェ暮らしに足を突っ込んでいた。myTextEscapeEntermyTextEscapeEnter　そんなおりに、スカジャン野球帽にマスクとサングラスという、ガチで怪しい女にオイシイ話を持ち掛けられた。myTextEscapeEnter　なにやら、国家プロジェクトのバーチャルリアリティーゲームのテストプレイヤーになれば、百万円が貰えるという。myTextEscapeEnter　デバッグやシステム開発への貢献によっては追加のボーナスもアリ！myTextEscapeEnter　ホテル貸し切りの超豪華なテストプレイ生活が始まり、ほかのプレイヤーを出し抜こうと一発気合を入れたんだけど、あたしを勧誘したスタッフから「プロジェクトを妨害しようとする連中がいる」と聞かされて……。myTextEscapeEntermyTextEscapeEnter　茶髪にスウェット、大事なものはダチで、好きなものはカネとエロとイケメン！myTextEscapeEnter　だけどヤンキーじゃないあたしが、国家プロジェクトのクセにアラビアンな［アルファ・クロニクル］で出逢ったのは超クセの強い奴ら。myTextEscapeEnter　初心者支援の世話焼き女に、シスコン家出少年、意識高い系男に変態トカゲ人間。myTextEscapeEnter　加えてあるじをぶん殴る美少女奴隷ＮＰＣ。myTextEscapeEnter　極めつけは医者でプログラマーでカネ持ちで外国人っぽくて美味しそうな超イケメン！myTextEscapeEnter　くせ者たちと送るテストプレイ生活。果たしてあたしは無事にボーナスがゲットできるのだろうか!?myTextEscapeEntermyTextEscapeEnter※更新日は月～金の朝８時です。,538669,
シダル　信念の勇者と親愛なる偏奇な仲間達,N5356GW,116106,綿野　明,　辺境の村の孤独な狩人が、ある日突然勇者に選ばれる。重い使命に戸惑う彼にはしかし、故郷では望んでも得られなかった「仲間」ができた。myTextEscapeEntermyTextEscapeEnter　階段を下りるだけで力尽きる神官、ぼんやりの限度を知らぬ魔法使い、生まれて初めて楽器を触る吟遊詩人、賢者は強力な魔術師……ではなく、森の塔に引きこもりの学者さん──えっ、もしかしてこれ、俺が一人で全員守るのか？　myTextEscapeEntermyTextEscapeEnter　暗く淀んだ世界を敵に追われながら笑って旅する、異色の英雄譚。　myTextEscapeEntermyTextEscapeEntermyTextEscapeEnter◇完結まで毎朝７時更新◇　myTextEscapeEntermyTextEscapeEnter※カクヨムにも掲載しています。向こうは改行少なめです　myTextEscapeEnter※なろう版のみ挿絵あり　myTextEscapeEnter※文字数は予約分を含みます,690098,
共鳴アヴェンジホワイト,N7816GU,1821978,朝露ココア,【混沌の因果】と、【秩序の因果】が相克する世界。myTextEscapeEnter少年アルスは【混沌】の創世主から選ばれ、秩序の勢力の討滅を命じられる。myTextEscapeEnterしかし……創世主の真の意図はアルスを使い捨ての駒とし、彼に破滅を迫るものだった。myTextEscapeEnterアルスはそれを知りながらもなお、愛する者のために戦うことを決める。myTextEscapeEntermyTextEscapeEnter「僕の命が定まっているのなら、その命日が来るまでに誰よりも深く愛し合おう」myTextEscapeEntermyTextEscapeEnter緩やかに紡がれた日々、見つけた愛。myTextEscapeEnter突如として全てが崩れ去り、少年は絶望に立たされる。真の敵は一体誰なのか。myTextEscapeEntermyTextEscapeEnterご注意：本作品は主要登場人物の死亡を含みます。第２部以降、３人称視点に切り替わります。myTextEscapeEnter　　　　序盤は緩めの雰囲気で進行しますが、次第にダークな成分が増していきます。第１部では主人公の主観視点のウザさが鼻につく上、序章の説明が多い部分に辟易するかもしれませんが……第２部以降に続く大切な要素です。myTextEscapeEnter……というわけで、大きくテンプレを外れた作品ですが、興味のある方は読んでもらえると幸いです。myTextEscapeEntermyTextEscapeEnter構成──myTextEscapeEnter　　　　第１部：現代編myTextEscapeEnter　　　　第２部：過去編myTextEscapeEnter　　　　第３部：深層編myTextEscapeEnter　　　　第４部：絆編myTextEscapeEnter　　　　第５部：伝説編,562296,
ファーリートライブ（全年齢版）,N4588GU,2089228,うちだたかひろ,　物語の開始は９世紀後半。主人公レオンは皇帝バシレイオスの命を受けてイスラム帝国からシリア奪還を命じられる。アラブー東ローマ戦争の真っ最中であり、小競り合いが続いていた。彼はヴェネツィア商人マルコから物資を買い、マルコが契約を破らないように自分に同行を求める。マルコは通訳兼現地責任者という事でしぶしぶ同行に同意する。myTextEscapeEntermyTextEscapeEnter　レオン達ビザンツ帝国海軍は海戦でアッバース朝海軍を破ると海岸を見つけ上陸しようとするが、そこでアッバース朝軍の遊撃隊の猛攻を受ける。アッバース遊撃隊の右翼を担うアフマドの猛攻は凄まじく、全壊しかかる。レオン自身もアフマド本人に襲われ怪我を負う。しかしそこで大規模な砂嵐が発生し、アッバース軍は陣地に撤退する。myTextEscapeEntermyTextEscapeEnter　夜になるとアッバース軍の夜襲があり、レオンはまたしても猛将アフマドに襲われる。だがこのとき、収まっていた砂嵐が突如として盛り返し、砂嵐の中で磁場を失った空間が出来る。レオン、マルコ、アフマドの三人はこれに巻き込まれ、異世界へと転移してしまった。myTextEscapeEntermyTextEscapeEnter　三人が転移したのは農業を行う種族の村であった。言葉もわからない三人は肉体労働に従事するしかなく、３年の歳月を過ごす。だんだん言葉が話せるようになるがその過程でまず猛将アフマドがぶっ壊れてしまう。マルコは無責任で自堕落な生活に移り、自分達の生活の打開など考えもしなくなる。myTextEscapeEntermyTextEscapeEnter　レオンはぶっ壊れたアフマドとマルコを半ば強制的に連れ出し、この世界を見聞に出かける。レオンはこの世界の種族が全員同じ言語を使う事を知る。またあちこちから見つかる古代の遺跡はすべて同じ言語で書かれており、元いた世界でも作れないような超高度文明の跡を発見する。myTextEscapeEntermyTextEscapeEnter※本作品は２０１６年からピクシブで連載していたファーリートライブの筆者本人による転載である。本来は縦書きである。,930175,
聖女転生物語,N1899GT,1655008,神崎　右京,　唯一神&quot;エルム&quot;を信仰する宗教国家・クルサール。聖女と王国騎士団長の息子リツィード・ガエルは、無実の罪により宗教裁判にかけられ、磔にされて火刑に処される。王国最強の剣士として名をはせていた彼は、実は、母と同じ&quot;聖人&quot;であった。彼の無実は死とともに晴らされ、国民全員が彼の痛ましい死を悼み続けて十五年――何の因果か、可憐な美少女に転生したリツィードは、目に見える人々の幸せを守り、神の教えを説きながら、前世で残した未練を抱いて生きていた。myTextEscapeEnter　もう一度だけ、親友に会いたい――そう願って転生したのに、親友はリツィードの死後大出世して国家の英雄となり、雲の上の立場になっていた。myTextEscapeEnter　偶然の再会など絶望的。奇跡が起きて会えたところで、性別も年齢も見た目も変わってしまった以上、何も期待できない…そう思っていたのに、運命の歯車は数奇な巡り合わせで動き始める。myTextEscapeEnter　この出会いは、神の奇跡か、神罰か。myTextEscapeEntermyTextEscapeEnter※完結しました。最後までお付き合いいただいた皆様、ありがとうございました。myTextEscapeEnter※番外編二つ書きました。myTextEscapeEnter1つ目→短編【蒼い瞳の＜人形姫＞は、今日も貴方に恋をする】　エピローグ前後のお話。myTextEscapeEnter2つ目→連載【英雄カルヴァン・タイターの日常～今日も俺の嫁が最高に可愛い～】　本編終了～エピローグの間の2年間のお話。myTextEscapeEnter上部のシリーズのリンクから飛べます。どうぞよろしくお願いいたします。myTextEscapeEnter※本編のみ、カクヨムさまでも転載を始めました。まったり更新中。,578446,
孤独の魔女と独りの少女,N7340GS,2094142,徒然ナルモ,遥かな昔、凡ゆる魔術 凡ゆる法を極め抜き 老いや衰退すらも超克した最強の存在 魔女達の力で、大いなる厄災は払われ 世界は平穏を取り戻してより 、八千年 …避けられぬと思われていた滅びから世界を救った英雄 又は神として、世界は永遠を生きる七人の魔女達によって統治 管理 信仰され続けていた…myTextEscapeEntermyTextEscapeEnterそんな中 救った世界を統治せず、行方をくらませた 幻の八人目の魔女が、深い森の中で 一人の少女を弟子にとったと言うmyTextEscapeEntermyTextEscapeEnter単一で世界をひっくり返す程の力を持つ魔女が弟子など異例も異例、果たして弟子の少女は一体どのように育つのか、稀代の英雄の誕生か 或いは滅びの厄災の再演か、どちらにしても 育ってみるまで分からないmyTextEscapeEntermyTextEscapeEntermyTextEscapeEntermyTextEscapeEntermyTextEscapeEnter【アルファポリスにて、同時連載しております】myTextEscapeEnter,596594,
アブないドラゴン一家の文明生活記 -世界の中心に立たされる最強ドラゴンの娘は「おまえら自重しろ」と叫びたい-,N3818GS,1334428,495,無敵のドラゴンから生まれた双子の姉ドラゴンは、生まれながらにして奇妙な知恵を身につけていた。myTextEscapeEnterいちいちヤバいドラゴンたちや愉快な人間どもからのヨイショにつっこみを入れつつ、持ち前の知恵と絶大な潜在能力を活かすことで、世界における重要な存在へと成長していく。myTextEscapeEnterその過程で知恵を持って生まれ出でたわけを知ることになるが、それは永いドラゴン生にとっては些末なことでしかない。myTextEscapeEnter赤ちゃんドラゴンの健康で文化的な最高の生活。myTextEscapeEntermyTextEscapeEnterとにかくドラゴンが中心になって活躍する場面を見たいという方にお勧め。ときどき冒険しつつ、それなりにほのぼのと暮らしていきます。myTextEscapeEntermyTextEscapeEnter全二十三話（百五十部）、約七十万字の長編。myTextEscapeEnter序章：育児部屋での説明回myTextEscapeEnter一章：メインの登場人物となる人間と出会うmyTextEscapeEnter二章：知らぬ間に有名になっていくmyTextEscapeEnter三章：大勢のドラゴンや人間たちから目を付けられるmyTextEscapeEnter終章：それはさておき、生まれつき持っていた記憶に決着をつける,715109,
False/World 世界を壊す君と神の僕と,N1934GS,1996746,土佐　牛乳,＜佐部佑の場合＞myTextEscapeEnter　世界では能力者がひそかに活動していた。myTextEscapeEnter　そんな中、一人の少年、佐部佑《さべ　たすく》が日本の能力者機関《機関》にいたのだった。myTextEscapeEnter　彼は、ロストシティーの生き残りで、彼をいわくつきの人間として扱っている組織でもあった。myTextEscapeEnter　そんな中、一人の最強の無能力者の女性によって、タスクは栄光の道を駆け上がる。myTextEscapeEntermyTextEscapeEnter――――なろうじゃなくてな俺はなるんだよ！myTextEscapeEntermyTextEscapeEnter＜天野路夜久の場合＞myTextEscapeEnter　一人の少女に認められ、もう一人の主人公が誕生した。myTextEscapeEnter　少女はスタフェリア・アブソリュータ・ウロボロウスという伝説の異能使い。myTextEscapeEnter　少女のために少年は日常を捧げる。myTextEscapeEntermyTextEscapeEnter――――僕もまたあなたに勝つという目標から、先輩のことも考慮せずしてあなたを倒します。myTextEscapeEntermyTextEscapeEnter＜大那志雄の場合＞myTextEscapeEnter　これは地球と月の存亡をかけた物語。,566980,
黒白,N1759GS,1761674,ルキア,11月13日、11時12分。見覚えのない宅配物が届いた。中に入っているのは、スマホ？カメラもないスピーカーもない、電源ボタンすらない黒い端末だった。myTextEscapeEntermyTextEscapeEnter森を彷徨っていたら魔物に襲われていた女の子を見つける。彼女も黒い端末を持っている⁉myTextEscapeEntermyTextEscapeEnter黒い端末があれば魔物も異世界も怖くない！見知らぬ宅配物から始まる2人の転移者レイと彩乃のゆるラブ異世界生活。,558518,
エーテルの夢　～夢が空を満たす二つの世界で～,N1401GS,2082358,天球とわ,魔力の代わりにナノマシンが大気を満たし、魔法の代わりに科学が高度に発達した世界。だがその科学は魔法を再現するには至らなかった。myTextEscapeEnterナノマシンの名は『エーテル』。有機物で作られ、人間と共生するそれに高い適正を持った主人公、ハル。エーテルが繋ぎ制御する社会において高い能力を持つ彼も、また科学で適わぬ魔法に夢見る一人だった。myTextEscapeEnterそんな中、クラスメイトのルナの紹介でハルはあるゲームと出会う。内容はよくあるファンタジー。魔法に憧れるハルは、そのゲームに興味を覚えプレイを開始する。その世界に満ちる魔力の名前、それもまた『エーテル』だった。myTextEscapeEnterせめて電脳空間の中だけでも魔法使いを楽しもうとするハル。だがゲーム開始直後に出会った王女アイリが切っ掛けで、そのプレイスタイルは徐々に変化していく事になる。myTextEscapeEnter二つの『エーテル』が満たす世界の物語にハルは足を踏み入れた。,647312,
異世剣聖,N0956GS,561137,鷹武手譲介,主人公の武宮士会は友人の十文字亮とともに、小さな鏡を通じて別の世界に召喚されてしまう。想い人の異界の姫・フィナと直接会えたことを喜ぶのも束の間、嵐で流された先は敵国の中！　士会はフィナを守りつつ、フィナの国、鷺を目指す。架空の戦記ものです。魔法は出てきませんが超科学がちょこっとあります。歴史小説風味。主人公が活躍し始めるまで間があります。書き溜めのあるところまでは毎日更新しますが、その後は超不定期更新に移行します。「ノベルアップ＋」様でも連載しております。,574410,
グランティル大紀行,N9357GR,622408,木村無効,　絶海の孤島に存在する凶悪犯を収監した刑務所ジャルダン。myTextEscapeEnter　そんな場所になんの落ち度もない少年リアンが送り込まれる。どうして自分がこんなところに？myTextEscapeEnter　途方に暮れるリアンだが、島の親切な人々に助けられ、島から出るまでの間をそこで過ごすことに。myTextEscapeEnter　しかし島の刑務所では、静かにある計画が進行していたのだ。myTextEscapeEntermyTextEscapeEnter　この物語は、リアンという気弱で非力な少年が、いろいろな経験を得て少しずつ成長していく過程を描写した成長物語です。,554114,
【完結】偉大なる北の魔女の正当なる血筋の後継者(以下略,N7749GR,557992,月食ぱんな,偉大なる北の魔女の森のクロエとリートフェルト王国の第二王子ルークの魔石を巡る物語。myTextEscapeEntermyTextEscapeEnter「今すぐ捨ててきなさい！！」と母に叱られたクロエは涙ながらに言い返す「いやよ、これは私が拾ったものだもん！！」まさか人間を拾うなんて。という所から始まる、ドタバタラブストーリー。myTextEscapeEntermyTextEscapeEnter「クロエ嬢が言ったんだ、本能に忠実にって」「言ったけど、時と場所を考えて」果たしてこの二人はきちんと人並みに恋愛ができるのか？myTextEscapeEntermyTextEscapeEnterそんな二人を取り巻くだいぶ個性的な面々達と最終決戦「トマトジュースの呪いになんて負けない！！」と張り切るクロエは果たして身近な世界をルークと共に闇から救えるのか。myTextEscapeEntermyTextEscapeEnterといった、コメディよりのお話です。myTextEscapeEnter全１０章と最終章。各ページ3000～6000とバラつきがあります。myTextEscapeEntermyTextEscapeEnter初投稿作品のためお見苦しい点が多々、あるとは思いますが、お楽しみいただけると幸いです。myTextEscapeEnterカクヨム様にも掲載開始しました。こちらが先行になります。完結しました。,513120,
眷属達と月のない異世界で楽園を,N6602GR,2043621,Pierrot,現代のとある高校、生徒会室に居た８人が異世界に強制召喚された挙句、召喚仲間から追放されてしまう主人公。myTextEscapeEnterこの世界には人種・エルフ種・ドワーフ種・竜人種の理知的な種族が暮らしていた。myTextEscapeEnter他にも魔物種・魔獣種・モンスターに分類される危険な生物まで生息していて、魔族の国まであった。myTextEscapeEnter放浪中、これまた強制的に精神だけを過去に飛ばされ、見知らぬ人物の頭の中で数百年も・・・・myTextEscapeEnterただ生き抜くだけの目標から『眷属捜索』と言う明確な目的が与えられる。myTextEscapeEnter異世界で仲間から追放され絶望的な孤独だった主人公が、眷属捜索の旅に出て様々な仲間を得ていくことになる。myTextEscapeEntermyTextEscapeEnterやがてエルフから譲られた大森林を開拓して領地とし、ただの集団から村へ、そして町へと成長させていく。myTextEscapeEnter主人公の奇縁体質から様々なトラブルに巻き込まれながら、仲間に助けられて成長を続けていく。myTextEscapeEnterしかし、この世界の真理に近付いたことで・・・・myTextEscapeEntermyTextEscapeEnter主人公は異世界で言えば結構強いですが、最後までチート的強さなどは身に付きません。myTextEscapeEnter探し出した７人の眷属が規格外と言う、主人公から見て他力本願的な部分が多い物語になっています。myTextEscapeEnter,1078440,
麒麟将,N6478GR,1938657,花鏡,とある青年が目覚めた世界、そこは人種至上主義が蔓延り、『人間』以外は徹底して家畜、奴隷として扱われる世界だった。myTextEscapeEntermyTextEscapeEnter※某家畜人のオマージュを大量に含みますが、最終的にはハッピーエンドになる予定ですので気長にご覧頂ければ幸いです。,542345,
世界を救ったその先で　－勇者とダメ天使の異世界記－　,N3851GR,390984,本堂ゆうき,予定調和だな、と世界を救った少年は思う。myTextEscapeEnter世界の危機を退けた事、それすなわち次は自分が畏怖を向けられるというmyTextEscapeEnter最初から予想していた展開に辟易していた勇者は召喚された地球の少年だった。myTextEscapeEntermyTextEscapeEnter真っ当な賞賛も得られず、用済みとばかりに向けられる殺意の刃。myTextEscapeEnterそれさえも予期していた少年はあっさりと逃げ延び、陰ながら助力してくれたmyTextEscapeEnter神と邂逅し、一つの提案を受けた。myTextEscapeEntermyTextEscapeEnter元の世界に帰るのも良いが、もう一度別の冒険をしてみないか？　と。myTextEscapeEntermyTextEscapeEnterどちらを選んでも神は褒美をくれるとは言った。myTextEscapeEnterけれども少年はしばし考えた後、決断する。myTextEscapeEntermyTextEscapeEnter「なら、違う世界に行ってみたいです。出来れば、今度は世界の思惑に振り回されない形で」myTextEscapeEnter「……確かに君には選択の余地が無かったのう」myTextEscapeEntermyTextEscapeEnter不憫であった少年に、神は更なるボーナスまでつける。myTextEscapeEnter世界を救った褒美だと。myTextEscapeEntermyTextEscapeEnter「この天使はお詫びに付けてあげよう。君に絶対服従の美少女天使じゃぞ」myTextEscapeEnter「性格以外は最高なんで是非とも頂きます」myTextEscapeEnter「あれ！？　一緒に旅してきたのに評価厳しくないですか！？」　myTextEscapeEntermyTextEscapeEnter色々と問題のあるダメ天使の少女と共に世界を救うという難事を成し遂げた少年が選んだ道。myTextEscapeEnterそれは今度こそ自らの意思で「冒険」する事。myTextEscapeEnter可能限りの神の助力を受けて、次こそはという希望を胸にmyTextEscapeEnter新たな世界に旅立つ少年――ジン・アオバと彼を振り回すであろうダメ天使レミィ。myTextEscapeEntermyTextEscapeEnter「うーん、気の毒だから見逃してあげたいんだけど、ボクの存在意義に関わるからね。myTextEscapeEnter　そーれ、ダイスロール」myTextEscapeEntermyTextEscapeEnter　だが、最後の最後で運命を司る神に見つかった少年と天使。myTextEscapeEnter　けれどもバカップルの二人は逞しくその道の先を進んでいくのだった。myTextEscapeEntermyTextEscapeEntermyTextEscapeEnter※　基本毎日１８時に更新します。時々休みます。,588084,
鏡の世界,N2314GR,423001,現野翔子,　高校生活が始まる前の穏やかな時間を過ごしていた花房羽衣は、ある朝、鏡の向こうの世界に入り込んでしまう。そこは同じような風景なのに見知った人のいない世界。羽衣はその世界で日常生活を送りつつ、両親の下へ帰る方法を探していく。myTextEscapeEntermyTextEscapeEntermyTextEscapeEntermyTextEscapeEnter　ノベルアップ＋にも投稿しております。,651500,
戦慄のイクタベーレ ～敗退せし者達の母国奪還の軌跡～,N2254GR,2075838,ユウキ,暗黒魔王軍……後にバルマーラ帝国という国を樹立させる人の言葉を話す化物達が、200年前に封印された暗黒魔王ガディウスを復活させるべくユグドラシル大陸を制覇に動きだす。myTextEscapeEntermyTextEscapeEnterその侵攻は止まる事を知らず大陸の中心である聖王国ユグドラシル・ニーベが陥とされ、その魔の手は、この物語の主人公アルスエードの祖国イクタベーレまで伸びる。myTextEscapeEntermyTextEscapeEnterその戦いのさなか父を母を姉を失い、そして祖国を失う。myTextEscapeEntermyTextEscapeEnterこれは戦いを嫌い避けようとし、理想と現実の狭間で翻弄されるアルスエードが母国イクタベーレを取り戻す軌跡,545859,
どうしてこうなった道中記-サブスキルで面倒ごとだらけ-,N2249GR,2075849,すずめさん,ある日、友達に誘われ始めたMMORPG[アルバスクロニクルオンライン]誘われるままにゲームを始め、myTextEscapeEntermyTextEscapeEnter自分の思う通りにキャラを作り始めるのだが…たった一つのスキルが主人公の人生を笑いあり涙ありのmyTextEscapeEntermyTextEscapeEnter波乱万丈な冒険物語へと導くドタバタ冒険譚！！,513576,
コズミックトラベラー,N2031GR,2071849,星野 ラベンダー,流星群の夜。裏山へ落ちる謎の光を目撃した宮沢 美月は、体は男性、頭部がブラウン管テレビのロボットと出会う。myTextEscapeEnterココロという赤ちゃんを連れた、宇宙から来たロボット〈ハル〉に美月は戸惑いつつも、無感情で物知りなハルと友達になろうとする。myTextEscapeEntermyTextEscapeEnterだがある日、美月はハルが謎のロボットに襲われているのを発見する。myTextEscapeEnterハルが作ったという道具の力により変身した美月は、戦ってどうにか相手を撃退。myTextEscapeEntermyTextEscapeEnter「私達は、追われている身なんだ」myTextEscapeEnter「どうか、私達を守ってはくれないか」myTextEscapeEntermyTextEscapeEnterハルが打ち明けた通り、敵組織の刺客達は次々と襲いかかる。myTextEscapeEnterしかし一方で、少しずつ仲間も集まっていく。myTextEscapeEntermyTextEscapeEnter壊れた宇宙船が直るまでの間、そんな仲間達と共に日常や冒険、ときに戦いの日々を過ごす、ヒューマンドラマ×ジュブナイル小説。myTextEscapeEntermyTextEscapeEnter「人は、皆旅人だ」myTextEscapeEnter――地球人も、宇宙人も。人間も、ロボットも 。――myTextEscapeEntermyTextEscapeEnter【cosmic】宇宙の、宇宙的規模の、宇宙を思わせるように神秘的なmyTextEscapeEnter【traveler】旅人、旅行者myTextEscapeEntermyTextEscapeEnter毎日更新中です！myTextEscapeEnter※Part1以外は、基本的に1章(1Chapter)完結です。myTextEscapeEnter※科学の専門知識などは一切必要ありません。myTextEscapeEnter※戦闘シーンがありますが、グロテスクなどの過激描写はありません。myTextEscapeEnter※この物語は、実在する人物、団体、名称等とは一切関係がありません。myTextEscapeEnter※特定の団体や個人の思想及び主張を、批判または推奨するものではありません。 myTextEscapeEnter※小説家になろう、ノベルアップ＋にも同作品を掲載しています。,725780,
ノーマディック・スプライサー,N8786GQ,1261606,みやびつかさ,西暦の過ぎ去った未来。人々は健忘誘発感染性構造体――オブリビオン・ウイルス――によって頭に記憶チップを埋め込み暮らしていた。myTextEscapeEnter電子の記憶力とロボットやアンドロイドによるオートメーション化で余裕を手にした人類は過去を嘲笑う。myTextEscapeEnterそんな世界の片隅に、記憶喪失のアンドロイドの兄妹が人々の悩みを解決する闇医者――スプライサー――を開業した。myTextEscapeEntermyTextEscapeEnterふたりの正体と目的、そしてその存在意義は？myTextEscapeEnter彼らはスプライサー業を営むうちに、世界を裏で操る陰謀へと巻き込まれていく……。myTextEscapeEntermyTextEscapeEnter少しズレたアンドロイドの男が、カウンセリングをしたり、筋トレしたり、戦闘機で体当たりをしたり、戦闘ロボに乗ったり、myTextEscapeEnter二股なラブロマンスでビンタされたりしてヒーローを目指すSFヒロイックアクション。myTextEscapeEnterキミも一緒に未来にパンチだ！myTextEscapeEntermyTextEscapeEnter(完結予定、月曜・木曜を除く毎週５日、夕方１７時に更新。更新期間は12/19～3/10です）myTextEscapeEnter※この作品はノベルアップ+さんにも同時更新で掲載しています。,501081,
ガルディシア帝国の興亡,N6624GQ,2068443,酒精四十度,『ガルディシア帝国の興亡』異世界にある、帝国の興亡記です。myTextEscapeEnter数百年もの間、バラディア大陸は三か国の戦乱の世が続いていた。北のダルヴォート王国、中央のエウグスト王国、南方のガルディシア帝国である。しかし南方に位置する鉱山と工業の国ガルディシア帝国は遂に大陸統一を果たしたのだ。勢いに乗るガルディシア帝国は満を持して隣の大陸モートリア制覇に乗り出した。そして世界を我が手に！帝国皇帝ガルディシアIII世の野望は続く！そんな帝国の前に異世界から大魔導士によって転移させられた国家、日本が…myTextEscapeEnter【第一章】ガルディシアと日本の接触編01～74、【第二章】ガルディシア発展編01～87、【第三章】ガルディシア回天編01～76、【第四章】ガルディシア帝国の落日編01～（現在進行中）,648139,
空を夢見た少女はゲームの世界で空を飛ぶ,N5497GQ,1345031,アル,――物心ついた時には、自分と同じ名を持つ青く広大な世界に心惹かれていた。myTextEscapeEnterでも、私にはあの場所まで飛んでゆくための翼がない。myTextEscapeEntermyTextEscapeEnterどれだけ手を伸ばして求めても、どれだけ強く願っても届かない、はるか高く遠い夢の世界。myTextEscapeEntermyTextEscapeEnterだから、私は……。myTextEscapeEntermyTextEscapeEnterゲームの世界で、空を飛ぶ！myTextEscapeEntermyTextEscapeEntermyTextEscapeEnter航空機パイロットとフライトアテンダントの両親を持つ少女｜青木蒼空《あおきそら》myTextEscapeEnter『空好き』という項目を遺伝子に組み込まれ産まれた彼女は、両親の英才教育の成果もあり立派な大空ジャンキーへと成長した。myTextEscapeEntermyTextEscapeEnter三度の飯より空が好き、を地で行く彼女が日々大地に脚を付けるだけの生活で満足できなくなるのに、そう時間はかからなかった。myTextEscapeEnterだが、人間である、ましてや高校生になりたて彼女に自分の力で空を飛ぶことは叶わない。myTextEscapeEnter見上げればそこにあるのに、手を伸ばせば届きそうなのに、届くことも掴むことも出来ない遠い世界を夢見る蒼空。myTextEscapeEntermyTextEscapeEnterそんな時弟から見せてもらったＶＲゲームのＣＭ。myTextEscapeEnterそこでは翼を持つ機械の鎧、エグゾアーマーと呼ばれるパワードスーツを身に付けたプレイヤーが、自由自在に大空を飛んでいたのだ。myTextEscapeEntermyTextEscapeEnterＣＭが終わるな否や家を飛び出す蒼空。myTextEscapeEntermyTextEscapeEnterそうだ、そうだよ！　現実世界では無理でも、ゲームの世界でなら…………空を飛べる！myTextEscapeEntermyTextEscapeEntermyTextEscapeEnterこれは、大空が大好きで止まない少女が、ゲームの世界で思う存分空を飛ぶ物語である……はず。myTextEscapeEntermyTextEscapeEntermyTextEscapeEnterこの物語はフィクションです。myTextEscapeEnter実在する人物、団体名等とは一切関係ありません。myTextEscapeEntermyTextEscapeEnter二章『Operation Skip Shot』編完結保障。myTextEscapeEnter一日一話、他者視点はまとめて更新。myTextEscapeEntermyTextEscapeEnter本編第20話 DAY１出撃　主人公発艦シーンが漫画になりました！myTextEscapeEnterhttps://mobile.twitter.com/fio_alnado/status/1346294548423610368myTextEscapeEnter迫力満点のカタパルト発艦。myTextEscapeEnterこの物語がどういったものなのかが一目でわかります。myTextEscapeEnterぜひご覧ください。myTextEscapeEntermyTextEscapeEnter日間ランキング１位達成！myTextEscapeEnter週間ランキング１位達成！！myTextEscapeEnter月間ランキング１位達成！！！myTextEscapeEnter皆さまのおかげで達成出来ました、本当にありがとうございます！myTextEscapeEnter当作品はノベルアッププラスにも投稿しています。myTextEscapeEnter,750830,
ダレカノツゴウ　～勝手に異世界召喚で魔王にされたけど私は士官学校で青春したい～,N3783GQ,482559,沖田　ねてる,【毎日夜９時、更新予定】myTextEscapeEnter　世の中はいつも、誰かの都合で動く。そうだとしても。myTextEscapeEntermyTextEscapeEnter　親に敷かれたレールの上を、ただ歩いて生きてきたマサト。myTextEscapeEntermyTextEscapeEnter　彼は高校に入学する直前、唐突に異世界に召喚された。myTextEscapeEntermyTextEscapeEnter　彼が召喚された理由は、魔王の魂と相性がピッタリだったため。つまり、魔王の新しい身体になるためだった。myTextEscapeEntermyTextEscapeEnter　魔王に乗り移られ、意識を奪われていたマサト。それから三年の月日が経ったある日、魔王が死んだことで彼は自分の意識を取り戻した。myTextEscapeEntermyTextEscapeEnter　しかし、三年振りに起きたマサトに自由はなかった。彼は次の&quot;魔王&quot;にならなければならないという向こうの都合によって、強制的に魔王としての英才教育を叩き込まれることになってしまった。第二の人生でも、彼は誰かの敷いたレールの上を歩くことになったのだ。myTextEscapeEntermyTextEscapeEnter　そんなある日、マサトはひょんなことから奴隷の女の子を助けた。そして、助けた彼女に言われた。myTextEscapeEntermyTextEscapeEnter『お願いです、一緒に逃げましょう。逃げてください。このままだとおそらく取り返しがつかなくなる。わたしは、わたしを助けてくれたあなたが……心配なんです』myTextEscapeEntermyTextEscapeEnter　その言葉が、マサトに考えさせた。myTextEscapeEntermyTextEscapeEnter　本当は、どうしたいのか。myTextEscapeEnter　決められた道を歩き続けてきた。myTextEscapeEnter　誰かの都合に合わせて生きてきた。myTextEscapeEnter　そんな主人公が初めて、&quot;自分の人生&quot;について考え、そして歩き出す。myTextEscapeEnter　その先にある、&quot;彼が本当に望むもの&quot;とは。myTextEscapeEntermyTextEscapeEnter　王道を目指す、異世界転生バトルファンタジー。myTextEscapeEntermyTextEscapeEnter　この作品はカクヨムにも掲載しています。myTextEscapeEnter　https://kakuyomu.jp/works/1177354055086829151myTextEscapeEntermyTextEscapeEnter　この作品の第一話のあとがきには挿絵があります。苦手な方は挿絵非表示に設定してお読みください。myTextEscapeEnter(20210221)だんぼーる様（@DANboard_Novel）よりファンアートを頂きました！　ありがとうございます！,555997,
一目惚れしたら囲いたい,N2504GQ,1574082,チカフジ　ユキ,　クロエは迷宮産魔道具の専門店でバイト中。夏休み期間中一人で店を開ける事になったのだけど、店に店長と知り合いだと名乗る超有名人が来て…。myTextEscapeEnter　反則《チート》級少女と反則《チート》男が出会い、日々を重ねていく。myTextEscapeEnter　年の差なんて些細な事。myTextEscapeEnter　趣味と実益、話が合えば、人は自然と惹かれていく……はず…。,518633,
テンペスト・シリンダー,N1728GQ,2063717,tokusin,嵐をも包み込む機械仕掛けの超巨大な筒、その名もテンペスト・シリンダー。荒廃した大地に代わり建造されたその筒の中で、一人の少女が二体の機械生命体と出会う。それを機に十二体のAIが目覚め、欲望を知り、恐怖を知り、執着を知り、未知を知って己が為すべきことを自覚しテンペスト・シリンダーの行末を大きく動かしていく。myTextEscapeEntermyTextEscapeEnter※一話単位で掲載していきたいと思います、読んで頂けたら幸いです。myTextEscapeEnter※追記2020/12/1付　第一話から第四話、まとめて改行、段落等の改稿を実施しました。内容に変更はありません。こらからもテンペスト・シリンダーをよろしくお願い致します。myTextEscapeEnter※Twitterで登場人物の画像を上げていきます。こちらの更新スピードは激遅です。良ければご覧になって下さい。ユーザー名はtousinです。myTextEscapeEnterhttps://mobile.twitter.com/tokusin3,1194691,
廻天旅跡録 ~宵開けの帝都~,N1660GQ,1415559,占冠 愁,【12/24 [歴史]日間10位・12/26 [歴史]日間8位】←近代戦記モノもっと流行れmyTextEscapeEntermyTextEscapeEnter主人公はオタクであることがテンプレの異世界召喚系のファンタジー。myTextEscapeEnterけれども流石に、&quot;鉄オタ&quot;は場違いすぎるだろう。myTextEscapeEntermyTextEscapeEnter僕は鉄道オタクである。 しかし撮影中に、自称「神」曰く&quot;手違い&quot;で殺されてしまう。なんてことだ。myTextEscapeEnter剣と魔法の異世界に召喚する、だと？電車が走っていないじゃないか、論外。ありえない。myTextEscapeEnter結果、召喚された世界は――明治21年。myTextEscapeEntermyTextEscapeEnter「――この運命を捻じ曲げ、俺は、歴史の主人公になる…！」myTextEscapeEnter挙句の果てに、『主人公』は別に召喚されているようです。え、僕の召喚意義は？myTextEscapeEnter僕は屯田兵として北海道の入植地に追放処分となってしまう。myTextEscapeEnter「えぇ……」myTextEscapeEnterめでたく最前線確定組だ。myTextEscapeEntermyTextEscapeEnter「クソ！明治が何だ、爆撃機でも機甲師団でも全手段で武装して生き延びてやる！」myTextEscapeEnterなりふり構わず、現代知識の総動員。異世界勇者？王道展開？そんなの知りません。myTextEscapeEnter130年遡り、明治21年8月15日の正午――まだただの暑い夏の一日に過ぎなかったこの日この時――に転移、からの追放で始まる、混沌の火葬戦記、開幕。myTextEscapeEntermyTextEscapeEnter※カクヨムのほうが更新速め,651780,
交換日記で綴る異世界戦記,N1289GQ,2049253,なんこう,「不本意に亡くなったあなた！　そうです、そこのあなたです！　そんなあなたにビッグチャーンス！　異世界で生き直してみませんか！？」myTextEscapeEntermyTextEscapeEnter　日記が習慣の陸軍少佐・吾妻一郎は、終戦直前、予期せぬ出来事に巻き込まれて命を落とす。成仏できずに彷徨っていた一郎は、異世界の女神・ヘルミーネに目を付けられ、生前の姿のまま異世界の大国・ヒルデガルド帝国の辺境・シュヴィーツへと召喚された。myTextEscapeEnter　生前の知識と経験を元にシュヴィーツの発展に貢献する一郎。一方、侵略を目論む大貴族と内部対立によりシュヴィーツに危機が迫っていた。myTextEscapeEnter　差し迫る危機を乗り越えるべく奮闘する一郎だったが、当の女神ヘルミーネの言動に不安を覚える。どうやら彼女は何かを隠しているようで……。myTextEscapeEnter　危機を招くものは女神の事情。myTextEscapeEnter　果たして、一郎はこの危機を乗り越えることができるのか？myTextEscapeEnter　可憐なあの娘と交換日記で綴る異世界戦記開幕。myTextEscapeEntermyTextEscapeEnter※物語の章立てについてmyTextEscapeEnter　令和2年12月18日（金曜日）に章立てを変更しました（章の細分化）,584858,
Your story 〜最弱最強のプレイヤー〜,N0149GQ,1959748,ゆずあめ,『ユアスト』と略してます。myTextEscapeEntermyTextEscapeEnter 主人公、月見里 月斗(やまなし つきと)は、最近話題になっているVRMMORPG、『Your story ―君の紡ぐ物語―』を始める。......が、一番最初にする事は『友達作り』だった。myTextEscapeEntermyTextEscapeEnterこれは、月見里月斗が作り上げる物語。myTextEscapeEntermyTextEscapeEnter月見里月斗の『人生』と言う本の、1章をお楽しみください。myTextEscapeEntermyTextEscapeEntermyTextEscapeEntermyTextEscapeEnter作者は小説を書くのはこのお話が初めてです。少しずつ成長していきますので、見守ってくださると嬉しいです。myTextEscapeEntermyTextEscapeEntermyTextEscapeEnter前タイトル:Your story ―凝りすぎたゲームを極めた男―myTextEscapeEntermyTextEscapeEnter第0章〜物語の始まり〜myTextEscapeEnter第1章〜語り人ルナ〜myTextEscapeEnter第2章〜アップデートと仲間〜myTextEscapeEnter第3章〜弟子と王都〜myTextEscapeEnter第4章〜第1回イベント:武術大会〜myTextEscapeEnter第5章〜限界突破と冒険者〜myTextEscapeEnter第6章〜姫を守る騎士〜myTextEscapeEnter第7章〜神界と夏休み〜myTextEscapeEnter第8章〜夏の思い出〜myTextEscapeEnter第9章〜狐国編〜myTextEscapeEnter第10章〜穏やかな日々〜←限界進行中！myTextEscapeEntermyTextEscapeEntermyTextEscapeEntermyTextEscapeEnterカクヨムにも一部、投稿させていただいてます。,1275965,
傷つき狐　迷いウサギと出会う,N6710GP,2042465,メダリスト爺,ある夜、裏稼業人フォックスは、作戦行動後に記憶を失って座り込んでいたところを家出女子高生燈梨に介抱されたことをきっかけに、家に泊めることになってしまう。myTextEscapeEntermyTextEscapeEnter悩むフォックスに迫って、宿代を身体で払おうとする燈梨を拒絶し、まともな生活をするよう懇々と説くフォックスに、戸惑う燈梨。myTextEscapeEntermyTextEscapeEnter翌日現れたフォックスの弟子の元・女裏稼業人の舞韻と、記憶を取り戻すため病院へ行くが、そこで記憶が戻ることはなかった。myTextEscapeEntermyTextEscapeEnter失われた記憶と、その原因、そして登場人物たちの壮絶な過去。更に日常生活を通してフォックスと燈梨は過去を乗り越えて成長していくのだった。myTextEscapeEntermyTextEscapeEntermyTextEscapeEnter,623770,
最強で最速の無限レベルアップ　～スキル【経験値1000倍】と【レベルフリー】でレベル上限の枷が外れた俺は無双する～,N5228GP,1531965,コー藤真,俺は佐倉真琴、十六歳。myTextEscapeEnter高校を退学になり親とも大喧嘩、居場所がなくなった俺は公園で寝泊まりしていた。myTextEscapeEnterそんなある日世界中にダンジョンが出現した。myTextEscapeEntermyTextEscapeEnter人間にはレベルシステムが発現しこれまでの価値観は崩れていった。myTextEscapeEnterそんな中俺はチートスキル【経験値1000倍】と【レベルフリー】によってダンジョンの中に居場所を見い出していたのだった。myTextEscapeEnter※日間ローファンタジーランキング1位。週間ローファンタジーランキング1位。月間ローファンタジーランキング1位。四半期ローファンタジーランキング3位。2300万PV突破！　ご声援ありがとうございます。◇◇◇この物語はフィクションです。カクヨム様にも載せています。,556798,
土地神様は吸血鬼　～人間に育てられた吸血鬼の日常～,N4892GP,1807768,大介,周りに人の集落も無く、本来はダンジョンにしか生息しない吸血鬼。myTextEscapeEnterしかし、森には捨てられてしまったのか吸血鬼の赤ちゃんがいた。myTextEscapeEntermyTextEscapeEnter冒険者を引退した女性に偶然拾われて小さな村で育てられた。myTextEscapeEnter赤ちゃんはシャーロットと名付けられた。myTextEscapeEntermyTextEscapeEnterお母さんが亡くなるまで一緒に過ごしたシャーロットはお墓を建てた。myTextEscapeEnterそして、同じ場所で眠りたいと願う。myTextEscapeEntermyTextEscapeEnterお母さんも守っていた村を、シャーロットは守り続けた。myTextEscapeEnterその結果、安全な村として評判となり人が集まった。myTextEscapeEntermyTextEscapeEnterその頃には人々から尊敬されるようになっていた。myTextEscapeEntermyTextEscapeEnter更に月日が流れ、村から街に変わる時に名前を変える事になった。myTextEscapeEnterシェリル街、命名権をもらったシャーロットはお母さんの名前を付けた。myTextEscapeEntermyTextEscapeEnterシャーロットが街を守る理由が1つ増えた。myTextEscapeEntermyTextEscapeEnter500年以上の歳月が流れた時、彼女は土地神様として街の人々から崇められていた。myTextEscapeEntermyTextEscapeEnter※吸血鬼シャーロットと周りを取り巻く人々との日常です。,819734,
ジョブ『ソムリエ』の派遣執事は極級ハンターになりたい 〜神矢と超薬草を集めてこっそり最短ルートを進む〜 ,N4204GP,928159,夕凪ナギ,　ぶどう農家に生まれた主人公ヴァン。ハンターの英雄伝を聞き、ハンターに憧れるようになった。だが彼のジョブは、貴族が欲しがる『ソムリエ』だった。myTextEscapeEntermyTextEscapeEnter　十三歳でジョブの印が現れてからは、彼は『ソムリエ』の役割をこなしながら、その一方で、神矢から多くのスキルを得ていく。myTextEscapeEntermyTextEscapeEnter　また、偶然の出来事から、誰もが羨むレアスキルを得ることにもなる。しかし、憧れのハンターどころか、平凡な戦闘系のスキルさえ手に入らない。myTextEscapeEntermyTextEscapeEnter　ヴァンは、講習を受けて下級ハンターのスキルを得ようと、親友のマルクと共にギルドを訪れる。myTextEscapeEntermyTextEscapeEnter「チマチマと努力しても、上級ハンター止まりだ」myTextEscapeEntermyTextEscapeEnter　憧れの極級ハンター、ゼクトとの再会によって、ヴァンの価値観はガラリと変わる。myTextEscapeEntermyTextEscapeEnter「神矢を得るためには、手段を選んでいられない」myTextEscapeEntermyTextEscapeEnter　多くの使えるスキルを駆使する彼は、ほとんど戦えないのに、貴重な戦力として目立つ存在になっていく。myTextEscapeEnter　myTextEscapeEnter　純朴すぎる少年だったヴァンが、次第に狡猾さを兼ね備え、夢を追いかけていく物語。myTextEscapeEnter　myTextEscapeEntermyTextEscapeEnter＊毎日更新しています。myTextEscapeEntermyTextEscapeEnter＊読み進めるうちにワインを全くご存知ない方も、ワイン選びができるようになっていただけたら嬉しいなと思い、ぶどう品種は実在の名前を使っています。myTextEscapeEnter,540068,
サード ガーデン,N4155GP,1813009,さんまぐ,ある日、サルディニスにあるシィアの国で目覚めた記憶をなくした少年テッド。myTextEscapeEnter彼には物凄い数の才能、そして強さがあった。myTextEscapeEnter自身が何者なのか、何故自分には才能があるのかそれを聞く為にテッドは半神半人の女神に会う。myTextEscapeEntermyTextEscapeEnter《小説家になろうとカクヨムとノベルアップ+の多重投稿です》myTextEscapeEnter※本編完結部分、おまけ完結部分まで書ききっておりますのでご安心してお読みください。,710163,
犬猿の仲の王女達、大好きな王子を守る旅に出る,N3284GP,1955040,神宮真夜,剣聖の娘であるライラは、聖女の娘であるリア、大賢者の娘であるマリーと共に、ストケシア王国の王に養女として引き取られ、王女となっていた。myTextEscapeEntermyTextEscapeEnter三人の王女の中はそれ程良くはなかったが、三人とも王の実子であるカンナ王子がお気に入り。myTextEscapeEntermyTextEscapeEnterカンナ王子は優しいが子供っぽく臆病で中性的な顔立ちのせいで、幼児や少女に見られがちという風体。myTextEscapeEnterその為可愛いもの好きであるライラもかなり好いていた。myTextEscapeEntermyTextEscapeEntermyTextEscapeEnterそんなカンナ王子が成人になった時、王から爆弾発言が下される。myTextEscapeEntermyTextEscapeEnter「カンナ王子の初めてを交わした者に、カンナ王子の妃の座と国を治める権利を与える」myTextEscapeEntermyTextEscapeEnterこの発言により国を狙う者達から狙われることになるカンナ王子。myTextEscapeEntermyTextEscapeEnterそしてこの争奪戦には王女達も参加することになり、王女間でも争いが……。myTextEscapeEntermyTextEscapeEntermyTextEscapeEnter更にそんな中、三人の王女と王子で他国を巡る旅に出る事になる。myTextEscapeEntermyTextEscapeEntermyTextEscapeEnter大波乱の予感の中、ライラは国を……いや、王子（の初めて）を守ることが出来るのか？myTextEscapeEnterそして国を巡る旅の行方は？myTextEscapeEntermyTextEscapeEntermyTextEscapeEntermyTextEscapeEnter＞＞11/10　タイトル少し修正しました。,610796,
ジコセキニンヒーロー,N3114GP,2037845,ケト,近づいた人の『我慢していること』『願っていること』。そんな強い思いを発現させるという体質を持って生まれた少年、黒木裁（くろきさい）。myTextEscapeEnter裁は、自らのその体質を使い、人が抱える悪を自己責任で発現させ、そして立ち向かうことを決めたのだった。myTextEscapeEnter,524901,
表と裏　青春と終末,N2810GP,345061,湯水　快,この春高校一年生になった『双見　誉』（ふたみ　ほまれ）は肝が据わって冷静沈着、家族思いで少しだけスケベ。myTextEscapeEnter入学早々、美少女との運命的な出会いから女の子達との縁が次々と結ばれていく。myTextEscapeEnterハーレム高校生活が今始まった！！myTextEscapeEntermyTextEscapeEnterただし主人公には秘密があった。myTextEscapeEnter眠る度に世界は変わり表と裏がひっくり返る。myTextEscapeEnter裏の世界は修羅の世界、怪物蠢く地獄の終末。myTextEscapeEnterどちらが本当の世界なのかわからないまま主人公は今日も二回の一日を生きていく。myTextEscapeEnter【注意】myTextEscapeEnter表は恋愛モノ　裏は終末サバイバルモノです。myTextEscapeEnter【裏】では残虐表現が多くあります。myTextEscapeEntermyTextEscapeEnter矛盾点や誤字脱字など気付かれましたら遠慮なくご指摘いただけると助かります！myTextEscapeEntermyTextEscapeEntermyTextEscapeEntermyTextEscapeEnterツイッターです。myTextEscapeEnter更新予定などを呟くので宜しければご覧ください。myTextEscapeEntermyTextEscapeEnterhttps://twitter.com/yumizu_kai,508694,
赤蜥蜴と赤羽根　～赤い鱗を持つベテラン冒険者のリザードマンと深紅の翼を持つ新米冒険者の少女の冒険物語～,N2594GP,2051422,３宮ＧＯ,5年以上前の記憶が無い世にも珍しい赤鱗のリザードマン・ドレイク、通称「赤蜥蜴」。myTextEscapeEnter5歳以前の記憶が無い美しい深紅の翼を持つバードマン・フリルフレア、通称「赤羽根」。myTextEscapeEnterベテラン冒険者と初心者冒険者は森の中運命の出会いを果たす……………？myTextEscapeEnter目の前に落ちてくる尻、もがく赤い翼。myTextEscapeEnter「大丈夫か、フライドチキン？」「ミイィィ！誰がフライドチキンですか！」myTextEscapeEnterひたすら人の名前を覚えない赤蜥蜴と泣き虫な赤羽根はコンビを組み冒険に出る。ドワーフにエルフ、ハーフエルフにケット・シーを仲間に加えて。myTextEscapeEnterそして起きる、町を揺るがす事件。さらにそこには残酷な現実があった。myTextEscapeEnter二人の出会いに残酷な運命の歯車が動き出す。myTextEscapeEntermyTextEscapeEnterノベルアップ＋さんでも掲載中です。myTextEscapeEnter,592870,
食いしん坊エルフ２　精霊戦機エルティナイト　～　全てを喰らう者と精霊王　～,N2306GP,593693,なっとうごはん,地球とは異なる、しかし、よく似た世界に、不思議な力で送り込まれた異世界転生幼女エルティナ。myTextEscapeEnterそこは、巨大な人型戦闘ロボット【戦機】が猛威を振るう、情け無用の戦いの大地であった。myTextEscapeEntermyTextEscapeEnterそんな、ちょっとレトロでＳＦチックな世界にファンタジーを持ち込むバカタレ。myTextEscapeEnterそれが【食いしん坊エルフ】こと、エルティナ・ランフォーリ・エティルなのだ！myTextEscapeEntermyTextEscapeEnterこの物語は、殺伐とした世界を理不尽な不思議パワーで蹂躙しつつ、珍しい食べ物を求めて騒動を起こしながら旅をする、白エルフの少女と相棒となる戦機の戦いの記録である。myTextEscapeEntermyTextEscapeEnterやがて君は、珍妙なる現象を目撃したりしなかったりするだろう。,662377,
リアル型MMORPG　～ゲームになった現実世界を専用スキルで無双する～,N2033GP,1035884,天空海濶,20××年、とあるゲーム会社から大規模なVRMMO──“アナザーワン・スペース・オンライン”が発売した。myTextEscapeEnter　それは瞬く間に人々へ伝わり、全世界に居る人口数十億人のうち七割がプレイする大ブームと化す。myTextEscapeEnter　そんなゲームの管理を勤める俺、光野流星は自分の通う高校にあまり行かず、日々ゲームにて起こる問題を解決して生計を立てていた。myTextEscapeEnter　しかしある時、VRMMOでしかなかった筈の“アナザーワン・スペース・オンライン”が現実の世界と融合し、ゲームと現実二つの世界が混ざり合ってしまう。myTextEscapeEnter　その問題を解決すべく俺は世界を回って現実の世界が舞台となったゲームの攻略を目指す。,878934,
【不死の力で世界最強】永遠の魔法,N0691GP,1330937,ららららら,myTextEscapeEnter誰からも必要とされず、誰も必要としない。myTextEscapeEnter好きな人間もいなければ、嫌いな人間もいない。myTextEscapeEnter家族、友人、恋人、あらゆる人間関係が希薄な人生myTextEscapeEnter深海のように圧く息苦しい世界myTextEscapeEntermyTextEscapeEnter孤独こそが彼の居場所であった。myTextEscapeEntermyTextEscapeEntermyTextEscapeEntermyTextEscapeEnterーー異世界転生myTextEscapeEntermyTextEscapeEntermyTextEscapeEnterとある事故をきっかけとし、彼の人生は一転する。myTextEscapeEnter剣と魔法のファンタジー世界で目覚めた彼に、初めての居場所ができた。myTextEscapeEntermyTextEscapeEnter大切な人々を守るため、彼が手にした盾は「不死」の力myTextEscapeEnter大切な人々を失わないために、彼が手にした剣は「カード」の力myTextEscapeEntermyTextEscapeEntermyTextEscapeEnter魔物が蠢き、人の命が軽い世界myTextEscapeEnterそんな世界を前に、彼は二つの力で大切な人々を守るために戦いに身を投じていく…myTextEscapeEntermyTextEscapeEntermyTextEscapeEntermyTextEscapeEnterー注意ーmyTextEscapeEnter・チート要素による無双は割と後からになります。myTextEscapeEnter・ハーレム要素はありますが、えっちな感じにはなりません。myTextEscapeEnter・ハーレム要素はありますが、様々な属性を取り揃える予定です。myTextEscapeEnter・急展開からの急展開で物語は進行します。myTextEscapeEnter,504035,
士官学校の爆笑王　～ヴァイリス英雄譚～,N0453GP,1729124,まつおさん,以前の記憶もなく、突如として異世界の士官学校に入学することになったある男。myTextEscapeEnter入学試験のダンジョンで大活躍してはみたものの、入学してわかったことは、彼には剣や弓の腕前も、魔法の才能も、その他あらゆる才能にも恵まれていないということだった。myTextEscapeEntermyTextEscapeEnterだが、なぜか彼の周囲には笑いが絶えない。myTextEscapeEntermyTextEscapeEnter「士官学校の爆笑王」と呼ばれたそんな彼が、やがてヴァイリスの英雄と呼ばれるなどと、いったい誰が想像し得ただろうか。,921623,
このパーティー、定員二名につき入れません,N0267GP,1311357,ゆきみち,「俺のパーティーに入れ！」myTextEscapeEntermyTextEscapeEnter彼女見た、知った人々は必ずそう口にする。myTextEscapeEntermyTextEscapeEnter美しい見た目、丁寧で優しい口調、物腰柔らかな態度。myTextEscapeEntermyTextEscapeEnterそして、この世で１に求められる魔法の才能。myTextEscapeEntermyTextEscapeEnterどれを取っても完璧な彼女を、自分のパーティーやギルドに誘うのは当然のことだった。myTextEscapeEntermyTextEscapeEnterしかし彼女の答えはいつも同じ。myTextEscapeEntermyTextEscapeEnter「このパーティー、定員二名につき入れません」myTextEscapeEntermyTextEscapeEnter共に旅をする彼以外の加入は一切認めない。myTextEscapeEntermyTextEscapeEnterどれだけ好条件をつけられても、どれだけ富を得られようとも、どれだけ親しい友であっても、彼女は彼と二人だけで、旅をする。myTextEscapeEntermyTextEscapeEnterどこにいくのか。何をしにいくのか。何故一緒にいるのか。myTextEscapeEntermyTextEscapeEnter彼女・リーツと、彼・アレリランティだけの、非許可のパーティー。myTextEscapeEntermyTextEscapeEnter彼女達の旅は、とある彼、彼女達の人生を変え、いずれは世界に関わっていく。,547635,
夜語り万華鏡,N9258GO,2044188,有馬佑紀,人に取り憑く凶魔がいる。悪事を働く凶魔を祓うべく、妖術師の熨師女真夜歌は人知れず戦いの日々を送る。myTextEscapeEnter,594324,
勇者パーティーを追放された醜いテイマーの裏ルート攻略譚,N9058GO,1962201,7ト,勇者パーティーを追放された主人公が紙装備でダンジョンに入ったら、裏ルートを見つけてこの世界に出現する全ての魔物とタイマン貼り周回プレイしまくった結果、気づいたら裏ボスまで倒して神になっていました。,592168,
死ねない魔法少女の異世界転生記,N5881GO,795632,ミュート,やぁ。私は赤松玲。二十一歳のお姉さんさ。myTextEscapeEntermyTextEscapeEnterいや、この自己紹介はあまり正しくないかもなぁ……正確に言うと私は二十一歳のお姉さんだったのにも関わらず、とある事情から死んじゃって輪廻転生、今は十七歳の美少女になっている。myTextEscapeEntermyTextEscapeEnterそして十七年間、今の世界でクシャナ・アルスタッドとして生活をしているのだけれど……myTextEscapeEntermyTextEscapeEnterどうにもこの世界に、私と生前因縁があった【アシッド】という怪物が出ているらしくてね。myTextEscapeEntermyTextEscapeEnter私はあまり興味ないのだけれど、若い子達を無下に見殺しには出来ない。myTextEscapeEntermyTextEscapeEnterとある事情で手にしたマジカリング・デバイス【イリュージョン】を用いて、魔法少女に変身し、戦う事になったんだ。myTextEscapeEntermyTextEscapeEnter詳しくは本編を読んでくれたまえ。お姉さんも大歓迎だよ？myTextEscapeEntermyTextEscapeEnter※ご覧になる方によっては気分を害する描写等もあります。myTextEscapeEnter　予めご了承ください。myTextEscapeEnter※この物語は、法律・法令に反する行為を容認・推奨するものではありません。myTextEscapeEnter※この作品は「ノベルアップ+」様でも同様の内容で掲載しております。myTextEscapeEnter※コメント・感想等も大歓迎です。,723212,
 あやかし酒場と七人の王子たち　～珠子とあやかしグルメ百物語～,N5189GO,764727,相田　彩太,東京の中心より西に外れた八王子、さらにその片隅に一軒のひなびた酒場がある。myTextEscapeEntermyTextEscapeEnter「酒処　七王子」myTextEscapeEntermyTextEscapeEnterそこは一見、普通の酒場であるが、霊感の鋭い人は気づくであろう。myTextEscapeEnterそこが人ならざるモノがあつまる怪異酒場である事を。myTextEscapeEntermyTextEscapeEnterこれは酒場を切り盛りする７人の兄弟王子と、そこを訪れる奇怪なあやかしたち、そしてそこの料理人である人間の女の子の物語。myTextEscapeEntermyTextEscapeEnter◇◇◇◇myTextEscapeEntermyTextEscapeEnterオムニバス形式で送る、”あやかし”とのトラブルを料理で解決する快刀乱麻で七転八倒の物語です。myTextEscapeEnter基本的にコメディ路線、たまにシリアス。myTextEscapeEnterこの作品には「アルファポリス」にも重複掲載しています。,1396967,
電波戦隊スイハンジャー,N4387GO,2034495,白浜台与,まずは…石ノ森先生と八手先生に陳謝っ！！myTextEscapeEnterもし一般の社会人が無理矢理ヒーロー戦隊にさせられたら？という思いつきで書いている処女作にして一番カルトな作品。myTextEscapeEnter現代ドラマ風に話は進みます。myTextEscapeEntermyTextEscapeEnter,808485,
エンジェル・リード,N3166GO,668129,mk＊,「貴方はただ、選べば良い。ーーどうぞ、お好きな地獄を」myTextEscapeEntermyTextEscapeEnter若い芸術家に資金援助する個人投資家、エンジェル・リード。膨大な資産とコネクションを持ちながら、その正体は謎に包まれていた。myTextEscapeEntermyTextEscapeEnter舞台は、治安の悪化した近未来の日本。myTextEscapeEnterエンジェル・リードを中心に巡る、傷と再起のお話。myTextEscapeEntermyTextEscapeEntermyTextEscapeEnterーーーーーーーーーーーーーーーーーーmyTextEscapeEnter11.ダイヤの原石myTextEscapeEntermyTextEscapeEnter春休みに来日した航は、二人の若い芸術家に出会う。myTextEscapeEnter彼等の才能はダイヤの原石だと確信したエンジェル・リードは、投資することを決める。myTextEscapeEntermyTextEscapeEnter一方、中東の大富豪の長男であるムラトは海外の過激派組織に命を狙われ、エンジェル・リードに救援を求めてやって来る。,596840,
年下の上司,N2170GO,676981,石田累,　――また、この人か……。myTextEscapeEnter　はぁっと、果歩は溜息を吐いた。myTextEscapeEnter　全く、この忙しいのに、余計な仕事を増やしてくれる。myTextEscapeEnter「すみません、申しわけありません」myTextEscapeEnter　わたわたと巨体がしゃがみ込み、散らばった書類を集め出す。myTextEscapeEnter　この４月に民間会社から途中採用された男――藤堂瑛士。myTextEscapeEnter　去年から導入された、いわゆる「社会人枠組」の一人である。myTextEscapeEnter　年齢は２６歳、３０歳の果歩より４つも若い。myTextEscapeEnter　なのに、ここでの役職は都市計画局総務課庶務係長――つまり、果歩の直属の上司なのだ。myTextEscapeEntermyTextEscapeEnter,1491722,
心の色は泥団子　虹を捕まえ連れ立って,N2086GO,1702427,追粉,片田舎の農村に生まれ、ふたりの幼馴染とつるんで悪タレ三昧をやっていた俺――アズールにとっての最初の転機は、引退した元虹追い人に叩きのめされたことだった。餌に釣られる形でその御仁に弟子入りしてから5年。15歳になり、師匠からの許可を得た俺たちは、虹追い人になるために王都にやって来て、心の一部を具現化する能力――心色を手に入れたはいいんだが……。他のふたりがわかりやすく優れた心色だったというのに、俺は「虹色泥団子」などというあまりにもあんまりなもので。それでもどうにか気を取り直し、独り身で虹追い人稼業を始めた矢先、とある騒動の最中に不思議な女性と出会う。その出会いは、きっと俺にとって二度目の、そして最大の転機だったんだろう。これは、そんな俺が求める先を見つけ、至るまでの道筋。,891411,
流着のオードゥスルス ～アラサー悪魔化ねーちゃんの異世界奮闘記～,N1813GO,2035412,逗田 道夢,　アラサー実践空手家、日高千歳(ひだかちとせ)は、親友の庭野恵(にわのめぐみ)と共に、無人島ごと異世界『オードゥスルス』へ転移させられてしまう。流れ着いた異世界で、千歳は親友を失い、自身もモンスターの手によって致命傷を負う。怖いよ、死にたくないよ、おばあちゃん。そうして意識を手放す千歳。だが目覚めた先で、ボーフォート辺境伯の子息、魔術師の少年マースと出会う。異世界の軍隊に命を救われた千歳。だが救われた先のボーフォート軍の前線キャンプにて、助けてくれたハズの軍の男達が次々とおかしくなっていき、千歳を襲いだす。辛くもマースの手によって助け出されたが、最早千歳の心はボロボロだった。怖いよ、もうやだ、帰りたいよ。マースに泣きつく千歳。だが千歳の苦難はまだ終わっていなかった。ボーフォート辺境伯ボースに避難させてもらった先で、ボーフォート辺境伯の令嬢キートリー、そしてその従者であるサティと出会う。暖かく迎え入れて貰ったはずの彼女達を前に、今度は千歳の身体がおかしくなっていく。どうしてアタシの身体が、青い肌、黒い白目、紫色の虹彩、山羊の様な横長の瞳孔に……なぜ&quot;悪魔&quot;に、なって行くの？どうしてアタシは、サティさんを&quot;食べて&quot;いるの？誰かアタシを止めて、誰か助けて……。myTextEscapeEntermyTextEscapeEnter　数々の異世界の島が流れ着く世界オードゥスルス。この世界を舞台に、人とモンスター、剣と魔法、侍と蒸気機関、獣人と超能力、魔女と天使、神と悪魔が入り乱れる。この世界はなんなのか？魂を喰う世界とは？そして千歳は元の世界に帰ることは出来るのか？悪魔の力に覚醒した千歳とその仲間たちのハートフル冒険譚です。,509857,
クロ殿下と剣聖ヴェイセル,N1384GO,1975779,夕凪.com,　エストレラ王国第4王子として転生したクロムウェル（通称：クロ殿下）は、忌み付き王子と呼ばれ、果ては命まで狙われる始末。絶体絶命のピンチに駆けつけたのは、前世のゲームで幾度となくピンチを救ってくれた、赤髪の剣聖・ヴェイセルだった。myTextEscapeEnter　しかし、この剣聖、一癖も二癖もある、残念剣聖だった！？myTextEscapeEnter　そして、今日もクロ殿下のツッコミが響き渡るのだった・・・。,1970469,
リモート,N9031GN,490491,飛鳥　友,目が覚めたら傷ついた体でダンジョン内に置き去りにされ、周りは獰猛な魔物たちに囲まれあわや万事休すのところに神の声（？）が……。仲間たちから見捨てられた男に、明日はあるのか？,873166,
The story of Quisalpina,N8166GN,1871977,汪海妹,架空の王国キサルピーナ、建国の言い伝えの裏にある真実のもとに何世代も暮らしてきた人々。その人々の前で正統な後継者たるべき皇太子が殺されてしまう。myTextEscapeEnterかろうじて皇太子の命を救った彼らは、王子を一旦安全な場所へと隠し、古の約束を果たすためにとある人物を探し求めるが……。myTextEscapeEntermyTextEscapeEnter国の成り立ちに神話をからめたファンタジーです。運命に翻弄される子供と大人たちをテーマに書いた作品です。最後までお楽しみいただけたら嬉しいです。myTextEscapeEntermyTextEscapeEnter2020.10.8 魔法のiランド、小説家になろう　同時掲載,538545,
写本屋には変人が集う,N8140GN,545373,春風由実,『医者よりも、医に長けた、医者でない者』を探し連れて来い。始まりは皇帝からの命だった――myTextEscapeEntermyTextEscapeEnter噂の出所はなんと妓楼屋。myTextEscapeEnter仕方なく妓楼屋に足を運んでいると、何故か予想もしない人たちと繋がって……myTextEscapeEntermyTextEscapeEnter◇◇◇myTextEscapeEntermyTextEscapeEnterお呼びでないのに続々と集まってくる変人たちと戯れて、愛されながら、育ちのせいで酷く歪んだ心を持った一人の写本師の女性が少しずつ成長し変わっていく物語です。myTextEscapeEnter過去や身分を乗り越えて、生きていく様をどうか見ていってくださいまし。myTextEscapeEntermyTextEscapeEnter※二章から恋愛要素強まります。現在七章進行中。myTextEscapeEnter※結構な長編となりますので、お覚悟くださいませ。とはいえ、気楽に読んでいただけたら嬉しいです。myTextEscapeEntermyTextEscapeEnter※仕事の都合で毎日更新は取り止め中です。申し訳ありません。,535095,
GENTLE LIFE,N7786GN,2030638,一聖,主人公、斑鳩　楓が日本から異世界へ。戦いの日々を過ごし、寿命を全うした所から始まる最後のmyTextEscapeEnter物語。果たしてカエデは、彼が望むスローライフを送る事ができるのか？myTextEscapeEnter半端ない家族、親族、神々、妖怪に精霊たちと関わりながらも、myTextEscapeEnter最後にはまるくおさまる不思議。myTextEscapeEnter今日も今日とて、スローライフの為に奮闘する・・・。,613026,
死に戻りの魔法学校生活を、元恋人とプロローグから （※ただし好感度はゼロ）,N7481GN,302754,六つ花 えいこ,◆ 書籍化・コミカライズ企画進行中 ◆  myTextEscapeEntermyTextEscapeEnterオリアナの恋は叶わない。myTextEscapeEnter彼女の愛する人は、彼女のことを覚えていないから。myTextEscapeEntermyTextEscapeEnter公爵家嫡男ヴィンセントは優しく一途で、理想の恋人だった。myTextEscapeEnter当たり前に続くと思われた最愛の恋人との学校生活は、十七歳の春、二人一緒に原因不明の死を迎え唐突に終わりを告げた……はずだった。myTextEscapeEntermyTextEscapeEnter気づけば七歳に死に戻っていたオリアナは、今度こそヴィンセントを死なせない決意をする。myTextEscapeEntermyTextEscapeEnter「ヴィンス！　会いたかった！」myTextEscapeEnter「人違いだろう」myTextEscapeEntermyTextEscapeEnter――たとえ彼が、オリアナのことを綺麗さっぱり忘れていても。myTextEscapeEntermyTextEscapeEnter愛されることは諦めた女の子と、そんな女の子にドギマギしながらも素直になれない面倒くさい男の子の、生きるか死ぬかの魔法学校生活。,537701,
ちったい俺の乙女ゲーム巻き込まれ異世界生活,N7250GN,1800121,ぬー,タイトル通り、オッサンが幼児になってワチャワチャします。myTextEscapeEnter,651855,
